{
  "hash": "70de304f",
  "configHash": "0253c709",
  "lockfileHash": "903131a7",
  "browserHash": "1e9898a1",
  "optimized": {
    "react": {
      "src": "../../node_modules/react/index.js",
      "file": "react.js",
      "fileHash": "caf5e78c",
      "needsInterop": true
    },
    "react-dom/client": {
      "src": "../../node_modules/react-dom/client.js",
      "file": "react-dom_client.js",
      "fileHash": "382bdefb",
      "needsInterop": true
    },
    "react-router-dom": {
      "src": "../../node_modules/react-router-dom/dist/index.mjs",
      "file": "react-router-dom.js",
      "fileHash": "2f450f6c",
      "needsInterop": false
    },
    "bootstrap/dist/js/bootstrap.bundle.min.js": {
      "src": "../../node_modules/bootstrap/dist/js/bootstrap.bundle.min.js",
      "file": "bootstrap_dist_js_bootstrap__bundle__min__js.js",
      "fileHash": "881e6a2c",
      "needsInterop": true
    }
  },
  "chunks": {
    "chunk-7BTQE24S": {
      "file": "chunk-7BTQE24S.js"
    },
    "chunk-UNLUE3XC": {
      "file": "chunk-UNLUE3XC.js"
    },
    "chunk-5WRI5ZAA": {
      "file": "chunk-5WRI5ZAA.js"
    }
  }
}